body	Ilustrísimo Señor Juez del Landgericht Landshut,
body	Mediante la presente solicitud de medida cautelar, solicito al Tribunal que ordene a Schufa Holding AG que aporte mi consentimiento informado. La aportación de mi consentimiento informado por parte de Schufa es determinante para esclarecer la cuestión de la licitud del tratamiento de mis datos y de la consiguiente denegación del servicio por parte de Deutsche Telekom AG o de O2 Telefónica. A falta de dicho consentimiento informado, el tratamiento de mis datos es ilícito y el recurso a una decisión individual automatizada (DIA) es nulo.
body	Para tratar y vender mis datos a un tercero como Telekom, Schufa debe disponer de una base jurídica sólida en el sentido del RGPD. Dicha base jurídica puede ser:
h1	1. La base jurídica del tratamiento por parte de Schufa (art. 6 RGPD)
h2	4. Consentimiento informado (art. 6, apdo. 1, letra a) RGPD)
body	Schufa necesitaría su consentimiento informado expreso desde el momento en que trata o comunica sus datos con fines que no son necesarios para la ejecución de un contrato o para la protección de intereses legítimos. Por ello, insto al Tribunal a exigir de Schufa, mediante resolución judicial, mi consentimiento informado expreso (CI) y a incorporarlo a los autos como prueba.
h2	5. Obligación legal (art. 6, apdo. 1, letra c) RGPD)
body	Si existiera teóricamente una disposición legal precisa que impusiera la comunicación de los datos a Telekom, Schufa debería demostrarlo. En el caso de autos, tanto Schufa como Telekom deberían, no obstante, indicar exactamente qué ley les autoriza a ello.
h2	6. Intereses legítimos (art. 6, apdo. 1, letra f) RGPD)
body	Schufa puede alegar que trata los datos sobre la base de intereses legítimos, pero:
bullet	Tales intereses no pueden prevalecer sobre mis derechos y libertades.
bullet	La venta de mis datos a Telekom por parte de Schufa no se considera un interés legítimo de Schufa, ya que la venta de datos personales con fines comerciales no es necesaria y no existe ningún motivo legítimo suficientemente imperioso que justifique tal tratamiento. En relación con el escrito del letrado de Schufa de 20.11.2024: «IV. Datenverarbeitung der Beklagten zu 2 jedenfalls rechtmäßig.» (página 3).
h2	7. Venta ilícita de datos
body	Si Schufa comunica datos sin mi consentimiento informado o sin otra base jurídica suficiente, se trata de una infracción del RGPD. La venta de datos con el único fin de lucro o con fines comerciales, como en el caso de Telekom, no está comprendida en ningún caso en el «interés legítimo».
body	Conclusión: ni Schufa ni Telekom disponen de un derecho automático a tratar y compartir sus datos. La venta de datos a un tercero como Telekom debe basarse en un consentimiento informado expreso, o requeriría una justificación jurídica muy sólida — lo cual, en el caso de prácticas comerciales como la venta de datos con fines comerciales, resulta ilegítimo.
body	Si Schufa afirma tratar mis datos sobre la base de un interés legítimo (art. 6, apdo. 1, letra f) RGPD), no está obligada a obtener mi consentimiento informado expreso, pero debe cumplir las siguientes condiciones:
h1	2. El test de ponderación (balancing test)
body	9. Schufa debe demostrar que sus intereses legítimos en el tratamiento de los datos prevalecen sobre mis derechos y libertades fundamentales. Este test presupone analizar si el tratamiento de los datos es:
bullet	Necesario: debe ser indispensable para Schufa o para su cliente para una finalidad precisa (p. ej., la protección frente al impago);
bullet	Proporcionado: no debe causar injerencias excesivas en mis derechos, por ejemplo si conduce a una discriminación o a la denegación del acceso a internet en razón de la solvencia — en cuyo caso se trata de injerencias excesivas;
bullet	Transparente: debo estar claramente informado del tratamiento (art. 5, apdo. 1, letra a) RGPD). Un tratamiento transparente significa que las personas deben ser informadas de forma clara, precisa y comprensible sobre cómo se tratarán sus datos, con qué finalidad y sobre qué bases jurídicas se fundamenta dicho tratamiento. Así pues, si Schufa no me ha informado — lo cual es efectivamente el caso — y no dispone de mi consentimiento informado, entonces su cuento sobre los «intereses legítimos» se convierte en una ilusión ilícita y vacía. Ni Schufa ni Telekom pueden invocar el interés legítimo. Además, si el tratamiento infringe aunque solo sea un principio del RGPD, su actividad es ilícita. Así pues, si Schufa no me ha informado, no puede ampararse ni en los «intereses legítimos» ni en el artículo 6, apdo. 1, letra f). Cito el artículo 5 RGPD: «La infracción de cualquiera de estos principios conlleva la ilicitud del tratamiento». Ahora bien, ni Schufa, ni Telekom, ni O2 Telefónica me han informado. Y ni siquiera es necesario ir más allá. El asunto está zanjado.
h2	Transparencia e información
body	10. Aunque su consentimiento no sea necesario, deben informarle claramente de que sus datos se tratarán sobre la base de un interés legítimo. Si no me han informado de ello, han infringido el principio de transparencia del artículo 5 RGPD. Cito el artículo 5 RGPD: «La infracción de cualquiera de estos principios conlleva la ilicitud del tratamiento».
h2	Derecho de oposición
body	11. Tiene derecho a oponerse al tratamiento de sus datos basado en un interés legítimo. Si formula oposición, Schufa debe cesar el tratamiento, a menos que acredite motivos legítimos imperiosos.
h2	Conclusión
body	12. Si Schufa afirma tratar sus datos sobre la base de un interés legítimo, no está obligada a obtener su consentimiento informado expreso, pero: debe, no obstante, informarle y permitirle formular oposición. Si Schufa no me ha informado o no acredita un interés legítimo, el tratamiento es ilícito. Si Schufa vende los datos a Telekom, dicha venta no puede constituir un interés legítimo, ya que no se trata de un tratamiento de datos en la medida necesaria, sino de una venta comercial con ánimo de lucro.
h1	3. Peticiones y decisión del Tribunal
body	Espero haber explicado, motivado y argumentado esto al Tribunal de manera clara y didáctica. Por ello solicito al Tribunal que:
bullet	Ordene a Schufa Holding AG que aporte mi consentimiento informado (CI) conforme al RGPD, como prueba de su ilicitud en caso de no aportación del CI;
bullet	Vele por que todos los datos y todos los documentos relativos al presente asunto se remitan a las autoridades de persecución penal a efectos del examen de la licitud de su comportamiento. Presento ante el Tribunal una denuncia contra el bufete de abogados LATHAM & WATKINS, así como ante el colegio de abogados, por el motivo de que, aun cuando el litigio no ha comenzado verdaderamente todavía, ya ha prejuzgado mi derrota ante el Tribunal afirmando — cito — «ninguna perspectiva de éxito en el presente procedimiento» contra las demandadas, influyendo así ilícitamente en el Tribunal con mentiras contra mi acción e incitando, con sus declaraciones, al Tribunal a emociones negativas en mi perjuicio. Contemplo asimismo la presentación de una denuncia penal contra dicho bufete al respecto.
h2	Decisión del Tribunal
body	El Tribunal debería resolver de manera equitativa y conforme a la ley, no solo respecto de las partes que he demandado, sino también respecto de mí en calidad de parte del procedimiento. Ya se han aportado pruebas claras de mi situación económica, y el Tribunal debería, a la vista de la fundamentación de mi pretensión, respetar los principios de economía procesal y de proporcionalidad.
bullet	Mi situación económica: no dispongo de medios económicos suficientes para hacer frente a las costas procesales, lo cual se ha justificado en mi solicitud de asistencia jurídica gratuita (Prozesskostenhilfe);
bullet	Principio del proceso equitativo (art. 6 CEDH): la exigencia de un anticipo de las costas procesales es contraria a mi derecho de acceso a un proceso equitativo si el Tribunal no tiene en cuenta mi situación económica;
bullet	Principio de igualdad ante la ley (Fiat justitia, ruat caelum): el Tribunal no puede imponer obligaciones que no sean ni proporcionadas ni equitativas a la vista de mi situación particular.
h2	Propuesta
body	Res ipsa loquitur — los hechos hablan por sí mismos. A la vista del conjunto de los hechos, de las pruebas y de la manifiesta vulneración de mis derechos por la parte contraria, no es necesario practicar otras pruebas superfluas. Las propias circunstancias del asunto hablan por sí mismas: ha habido una grave vulneración de las normas legales, entre ellas el RGPD, y los intereses legítimos de la parte contraria son infundados y carecen de relevancia. «Res ipsa loquitur» demuestra claramente el tratamiento ilícito de mis datos personales y la denegación del servicio fundada en la discriminación.
body	Ratio decidendi — el motivo jurídico de la decisión. La parte contraria, a saber, Schufa Holding AG y Deutsche Telekom AG, no ha aportado ninguna base jurídica que justifique su comportamiento. No existe ningún motivo legal que permita el recurso a una DIA sin mi consentimiento informado, ni la vulneración de los principios de transparencia del artículo 5 RGPD. Su defensa fundada en los «intereses legítimos» carece de todo apoyo en Derecho, y su comportamiento se reputa por tanto ilícito. Propongo pues al Tribunal que resuelva sobre la base de la «Ratio decidendi» en mi favor.
body	Fiat justitia, ruat caelum — justicia para todos. El ordenamiento jurídico debe aplicarse por igual a todos, incluido el propio Tribunal. Por ello solicito que todas mis pruebas se valoren objetivamente y con arreglo a las leyes vigentes, con independencia de la posición de la parte contraria. La parte contraria no puede beneficiarse de una ventaja por el mero hecho de su tamaño o de su poder económico.
h2	Principio de proporcionalidad y de economía procesal
body	Conforme al principio de proporcionalidad y de economía procesal, solicito que el Tribunal no supedite la continuación del procedimiento a mi obligación de designar abogado,
body	dado que las pruebas y argumentos aportados son claros e incontestables. La obligación de designar abogado sería, en el caso de autos, superflua y desproporcionada a la vista de la claridad de los hechos.
body	La lógica de mis argumentos es sólida y se fundamenta en los principios del proceso equitativo. Si los hechos son unívocos, si el Derecho está de mi lado y si las circunstancias del asunto indican claramente el éxito de mi acción, el Tribunal debería entonces:
bullet	Tener en cuenta la claridad del asunto: según el principio «Res ipsa loquitur», es manifiesto que las costas procesales deberían posteriormente correr a cargo de la parte contraria si mi acción prospera;
bullet	Tener en cuenta el principio de economía procesal: exigirle a usted las costas procesales en tal caso podría considerarse una dilación superflua, si ya es evidente que al término del procedimiento correrán a cargo de la parte contraria;
bullet	Tener en cuenta el derecho de acceso a la justicia: si la imposición de las costas le impide continuar el procedimiento, ello puede ser contrario a su derecho a un proceso equitativo (art. 6 CEDH). El Tribunal no debería exigirme el anticipo de las costas si existe una alta probabilidad de que la parte contraria resulte vencida y quede obligada a abonarlas. Además, si el Tribunal mantuviera la exigencia de las costas y, por ello, yo no pudiera continuar el procedimiento, ello podría considerarse un obstáculo al acceso a la justicia.
h1	4. Conclusión y peticiones (primera parte — 7.12.2024)
body	Mediante la presente, Ilustrísimo Señor Juez, me dirijo a usted con las siguientes preguntas y peticiones:
bullet	¿Protege Schufa mis datos personales jurídicamente protegidos, mientras los vende a operadores de telecomunicaciones sin mi conocimiento y sin mi consentimiento?
bullet	¿A quién quiere convencer de que Schufa actúa lícitamente? No comprendo cómo es posible que en el siglo XXI un tribunal alemán proteja a delincuentes y estafadores como Schufa, Telekom y el gobierno de la República Federal de Alemania.
h2	Mis peticiones
bullet	Solicito al Tribunal que me indique, sin dilación y por escrito, si el juez ha comprendido la esencia de todo este fraude por parte de Schufa, tal como se describe en el presente documento;
bullet	Considero la indemnización por importe de 1 000 000 € válida hasta su próxima correspondencia escrita, ya que mi tiempo es valioso y no toleraré que sea inútilmente malgastado por el Tribunal de Landshut. El importe de la indemnización que reclamo no es sino simbólico frente a los daños que este acuerdo fraudulento ha causado a los ciudadanos alemanes y a los de la Unión Europea. Si el Tribunal no dicta una decisión favorable a la mayor brevedad, elevaré el importe de la indemnización a su valor máximo posible. Del presente documento se desprende inequívocamente que no son necesarios ni un abogado ni un intérprete, como tampoco las costas procesales, ya que sobre la base de las pruebas irrefutables que aquí he aportado basta con resolver sobre el reconocimiento de mi indemnización y dictar una decisión.
body	Mediante la presente solicito al Tribunal de Landshut que ordene a las demandadas Deutsche Telekom AG y Schufa Holding AG que abonen dicha suma de 1 000 000 €, a más tardar el 31.12.2024 y a la mayor brevedad posible, en la siguiente cuenta:
bullet	Titular: Peter Ferenc — Slovenská sporiteľňa
bullet	IBAN: SK59 0900 0000 0052 0995 7308
bullet	BIC: GIBASKBX
body	Sobre la base de lo anterior, solicito al Tribunal que resuelva en mi favor y constate la vulneración de mis derechos así como la ilicitud del comportamiento de la parte contraria. Solicito asimismo la concesión de una indemnización por los daños y la discriminación sufridos. Considero que esta iniciativa contribuirá a una apreciación equitativa del asunto y a la protección de mis derechos con arreglo al RGPD. Todas las pruebas y todos los detalles del asunto se analizan y establecen en el presente documento a partir de la página 5, incluidos los hechos anteriormente expuestos. — Atentamente, Kumhausen, 7 de diciembre de 2024.
h1	5. Síntesis de las pruebas directas y jurídicas contra Schufa y Telekom
h2	17. Schufa Holding AG y la comunicación de datos protegidos
body	Schufa Holding AG puede tratar datos conforme al RGPD y a la BDSG. La comunicación de datos solo es posible sobre una base jurídica legal o un interés legítimo, y el consumidor no debe ser discriminado. Las condiciones esenciales comprenden el consentimiento informado, la transparencia y la posibilidad de formular oposición. Si no vemos lo que firmamos, no puede haber transparencia. Durante el procedimiento de solicitud de acceso a internet no vemos lo que firmamos, de modo que no puede haber transparencia, la cual es sin embargo esencial. La transparencia es un principio clave del tratamiento de datos personales con arreglo al RGPD (art. 5, apdo. 1, letra a). Un tratamiento transparente significa que las personas deben ser informadas de forma clara, precisa y comprensible sobre cómo se tratarán sus datos, con qué finalidad y sobre qué bases jurídicas.
body	Si, en el momento de la solicitud de acceso a internet, no está suficientemente informado de lo que firma, de la finalidad y del alcance del tratamiento de sus datos y de sus derechos, dicho tratamiento no cumple los requisitos de transparencia del RGPD. Se trata de un vicio fundamental que conlleva la ilicitud del tratamiento de los datos. Además, la falta de transparencia puede tener como consecuencia que el consumidor no tenga la posibilidad de prestar un consentimiento informado ni de ejercer su derecho de oposición, lo cual es contrario al RGPD. Una decisión y un tratamiento individuales automatizados, como la DIA, deben prever un control humano, y el cliente tiene derecho a ser informado (CI) y debe tener la posibilidad de formular oposición. Conclusión: Schufa debe demostrar que actúa conforme al RGPD. Si se constata una falta de información o de consentimiento, ha habido una infracción de la ley.
h2	18. La denegación de acceso a internet
body	Telekom y O2 Telefónica se negaron a proporcionarme el acceso sobre la base de una supuesta solvencia establecida por Schufa Holding AG, sin ni siquiera explicármelo — es decir, sin informarme — ni acreditar un interés legítimo o mi consentimiento informado. Mi acceso a internet alternativo cuesta 108 € al mes, lo que, a lo largo de cinco años, representa un sobrecoste de 4 380 €. La prueba del pago a Telekom figura en los extractos bancarios aportados. Conclusión: la denegación de internet es discriminatoria y económicamente desproporcionada, vulnerando así mis derechos fundamentales y el principio de proporcionalidad.
h2	19–20. Infracción del RGPD y del artículo 22
body	La decisión individual automatizada (DIA) no puede emplearse sin consentimiento informado. Telekom trata sus datos sin informarle de la lógica y de las consecuencias de la DIA. Conclusión: se han vulnerado mi derecho a ser informado y la protección de mis datos personales. El RGPD prohíbe tal comportamiento.
h2	21. Discriminación fundada en la insolvencia
body	La insolvencia no es un motivo válido de denegación del acceso a internet. El § 78 TKG y el artículo 14 CEDH garantizan un acceso no discriminatorio a internet. Conclusión: la denegación del acceso fundada en la insolvencia constituye una vulneración de los derechos fundamentales y de la ley de telecomunicaciones.
h2	22. Desproporción de los riesgos económicos
body	El proveedor arriesga un impago de 40 € como máximo, mientras que yo afronto costes desproporcionados por un acceso a internet alternativo. Este desequilibrio del riesgo demuestra el carácter desproporcionado e infundado de la afirmación de Schufa, de Telekom o de O2 Telefónica en cuanto a un interés legítimo. Conclusión: no existe ninguna justificación jurídica, y por tanto ninguna base jurídica, para la desestimación de mi solicitud de acceso a internet.
h2	23. Vulneración de mis derechos fundamentales
body	La denegación de internet vulnera mi derecho al respeto de la vida privada, a la información y a la libertad de expresión, garantizados por los artículos 8, 10 y 14 CEDH. Estos derechos prevalecen sobre los intereses comerciales de los operadores. Conclusión: Telekom y Schufa han vulnerado y siguen vulnerando mis derechos fundamentales garantizados por el Derecho europeo.
h2	24. Pruebas
bullet	Documentación de Schufa y RGPD: acredita la falta de información y el tratamiento ilícito de los datos;
bullet	Facturas del acceso a internet alternativo: acreditan la carga económica derivada de la denegación del servicio;
bullet	Denuncias penales y acciones judiciales: confirman mis iniciativas en defensa de mis derechos;
bullet	Cálculo de los costes económicos: demuestra el carácter desproporcionado de la carga respecto del riesgo mínimo del proveedor. Conclusión: sobre la base de esta cronología y argumentación, queda acreditado que mis derechos han sido y son sistemáticamente vulnerados.
h2	25. Obtención de la DIA
body	Schufa Holding AG, al igual que Deutsche Telekom AG, está obligada a obtener un consentimiento informado para el tratamiento de mis datos personales en los casos en que no exista ninguna otra base legal con arreglo al RGPD. Ello significa que si Schufa comunica mis datos personales a terceros, por ejemplo a operadores de telecomunicaciones, a efectos de la evaluación de la solvencia o de otras decisiones automatizadas, está obligada a informarme de dicha iniciativa y a obtener mi consentimiento informado, salvo que pueda ampararse en otra base legal (p. ej., el interés legítimo). Principales puntos relativos a Schufa a la luz del RGPD:
bullet	Consentimiento informado: si Schufa trata o comunica mis datos personales, debe informarme claramente, incluidas la finalidad y las consecuencias del tratamiento. Dicho consentimiento debe ser libre, transparente, informado, inequívoco y previo;
bullet	Transparencia: Schufa está obligada a garantizar la transparencia del tratamiento de mis datos, lo que significa que debo estar claramente informado sobre cómo se tratarán mis datos y a quién se comunicarán;
bullet	Derecho de oposición: tengo derecho a oponerme al tratamiento de mis datos personales si tengo motivos para considerar que el tratamiento no es conforme con el RGPD, incluso cuando se utiliza una decisión individual automatizada. Con arreglo al artículo 21 RGPD, tiene derecho a oponerse al tratamiento de sus datos personales basado en el interés legítimo del responsable (por ejemplo, Schufa o Telekom). Concretamente, el artículo 21 RGPD dispone: 1. Derecho de oposición al tratamiento basado en intereses legítimos: si el tratamiento de sus datos se basa en intereses legítimos con arreglo al artículo 6, apdo. 1, letra f) RGPD, tiene derecho a oponerse por motivos relacionados con su situación particular. El responsable no podrá entonces seguir tratando sus datos, a menos que acredite motivos legítimos imperiosos que prevalezcan sobre sus derechos y libertades, o si el tratamiento es necesario para la formulación, el ejercicio o la defensa de reclamaciones ante los tribunales. 2. Derecho de oposición a la mercadotecnia directa: tiene un derecho absoluto a oponerse si sus datos se tratan con fines de mercadotecnia directa (lo cual, no obstante, no afecta a mi caso, al tratarse de la comunicación de datos por parte de Schufa a Telekom).
body	Decisión automatizada (art. 22 RGPD): si Schufa utiliza mis datos a efectos de una decisión individual automatizada que produce efectos jurídicos o significativos (p. ej., la decisión de concesión de un acceso a internet), dicho tratamiento debe ser lícito, transparente, no discriminatorio, y debe existir una posibilidad de intervención humana cuando la decisión afecte a mis derechos. ¿Cuáles son las consecuencias del incumplimiento? Si Schufa no facilita dicha información y no obtiene mi consentimiento informado cuando es exigible, se trata de una infracción directa del RGPD. Schufa y Telekom están por tanto obligadas a respetar los mismos principios del RGPD, incluida la obtención del consentimiento informado cuando es exigible, y a garantizar la transparencia del tratamiento de sus datos personales. Si Schufa vende directamente mis datos personales a sociedades como Telekom sin mi consentimiento informado, se trata de una infracción manifiesta del RGPD; en tal caso el tratamiento de mis datos personales se reputa ilícito e ilegal. El RGPD establece reglas claras, entre ellas: Tratamiento lícito (art. 6 RGPD): el tratamiento solo es posible sobre una base legal, tal como el consentimiento informado, la ejecución de un contrato, una obligación legal o un interés legítimo. La venta de datos a un tercero (Telekom) no es un interés legítimo si no tengo la posibilidad de expresar previamente mi acuerdo, mi desacuerdo o mi oposición.
h2	26. Consentimiento informado (art. 13 y 14 RGPD)
bullet	Antes de toda comunicación de mis datos a un tercero, Schufa debe informarme claramente de: la finalidad del tratamiento; los destinatarios de los datos (Telekom, O2 Telefónica, etc.); las consecuencias del tratamiento;
bullet	Si no he prestado tal consentimiento, Schufa actúa ilícitamente.
h2	27. Decisión automatizada (art. 22 RGPD)
body	Si sus datos se utilizan a efectos de una decisión automatizada que produce un efecto jurídico (p. ej., la concesión o denegación de un servicio), tanto Schufa como Telekom están obligadas a informarle de la lógica del tratamiento y a obtener su consentimiento.
h2	28. La protección de los datos personales, un derecho fundamental
bullet	La venta de datos con fines comerciales (como la «evaluación de la solvencia» para Telekom) es contraria al principio de minimización de los datos y al principio del tratamiento de los datos exclusivamente con fines determinados;
bullet	Qué significa esta venta si Schufa comunica mis datos a Telekom: infringe el RGPD si usted no tiene la posibilidad de rechazar tal tratamiento; pone en peligro e ignora mi derecho a la protección de los datos y a la transparencia; antepone los intereses comerciales en perjuicio de mis derechos fundamentales. Iniciativas jurídicas: si dispongo de pruebas de la venta de mis datos sin consentimiento, puedo presentar una denuncia penal o reclamar una indemnización con arreglo al artículo 82 RGPD. Solicitud de supresión de los datos: solicitaré a Schufa la supresión de mis datos (derecho al olvido) y el cese de su tratamiento. Schufa y Telekom no pueden lucrarse con mis datos personales protegidos sin respetar sus obligaciones legales.
h2	29. El uso de la DIA en Alemania
body	Si todas las sociedades de telecomunicaciones en Alemania utilizan un sistema idéntico o similar de decisión individual automatizada (DIA), basándose dichas decisiones en los datos de Schufa o en otras fuentes comunes, y si todas esas sociedades se niegan a prestar servicios sobre la misma base, ello demuestra la existencia de un comportamiento colusorio. He aquí los motivos por los que ello se considera prueba de una colusión:
bullet	Comportamiento coordinado: si todas las sociedades de telecomunicaciones se niegan a proporcionar el acceso a internet a las personas insolventes o de baja solvencia, con independencia de las circunstancias concretas, ello indica la existencia de un acuerdo o de una coordinación de su comportamiento;
bullet	En virtud del artículo 101 del Tratado de Funcionamiento de la Unión Europea (TFUE), están prohibidos todos los acuerdos o prácticas que restrinjan la competencia;
bullet	Fuente de datos común (Schufa): si todas esas sociedades utilizan los datos de Schufa con los mismos fines (p. ej., la evaluación de la solvencia) y si dichos datos conducen a las mismas decisiones, ello revela una puesta en común de datos con el fin de restringir la competencia y la elección de proveedor por parte del consumidor;
bullet	La DIA como instrumento de discriminación: una decisión automatizada carente de transparencia y de posibilidad de oposición puede considerarse una discriminación injustificada. Si dicha práctica es general y se aplica del mismo modo por todas las sociedades, es la prueba de un comportamiento coordinado;
bullet	Ausencia de competencia: las prácticas colusorias conducen a una restricción de la competencia. Si no existe ningún proveedor que ofrezca servicios sin recurso a la DIA o con un sistema más transparente, es un signo manifiesto de una falta de competencia debida a una colusión;
bullet	Abuso de posición dominante: las sociedades de telecomunicaciones pueden hallarse en posición dominante. Si abusan de dicha posición para restringir el acceso a servicios esenciales, hay una infracción del artículo 102 TFUE.
h2	30. Posibles pruebas de la colusión
bullet	Decisiones idénticas: si todas las sociedades rechazan las solicitudes del mismo modo y sobre la misma base (p. ej., una baja solvencia procedente de Schufa), ello demuestra la existencia de una colusión;
bullet	Datos compartidos: el uso de un sistema de evaluación común, como Schufa, sin posibilidad para el cliente de elegir una alternativa;
bullet	Ausencia de alternativa: si el cliente no tiene la posibilidad de obtener un acceso a internet a un precio estándar, asequible y razonable, sin discriminación, ante otro proveedor. Conclusión: las prácticas colusorias constituyen una grave vulneración de la competencia y pueden acarrear responsabilidad penal así como cuantiosas sanciones económicas para las sociedades afectadas. Estas prácticas de decisión individual automatizada restringen inequívocamente la competencia, y ello por varios motivos:
bullet	Evaluación idéntica de la solvencia sin alternativa: todas las sociedades de telecomunicaciones utilizan el mismo sistema de evaluación de Schufa Holding AG y deciden del mismo modo, lo que suprime las condiciones de competencia (el consumidor no tiene ninguna otra posibilidad de obtener servicios sin demostrar su «solvencia») y restringe la competencia al impedir la entrada de nuevos operadores que pudieran ofrecer alternativas;
bullet	La DIA como instrumento discriminatorio que no tiene en cuenta las circunstancias individuales del cliente: restringe y discrimina a los consumidores de baja solvencia o insolventes; conduce a la exclusión de grupos enteros de clientes del mercado, vulnerando la obligación de prestar servicios de manera universal y no discriminatoria;
bullet	Falta de transparencia: los consumidores no son informados de la lógica de la DIA ni de los criterios utilizados; no tienen la posibilidad de formular oposición ni de solicitar una revisión manual de la decisión. Ello vulnera no solo el RGPD, sino también los principios de lealtad comercial y de transparencia, indispensables para la competencia.
h2	31. Comportamiento colusorio
bullet	Si todas las sociedades aplican las mismas prácticas sin diferencia alguna: ello indica un comportamiento coordinado, contrario a las normas de competencia del artículo 101 TFUE;
bullet	La ausencia de toda alternativa en dicho segmento del mercado indica un bloqueo deliberado del entorno competitivo, con el fin de que los operadores de telecomunicaciones puedan dictar las condiciones de prestación de los servicios de acceso a internet y sus precios. Consecuencias para los consumidores: dichas prácticas aumentan el precio de los servicios, ya que los consumidores de baja solvencia se ven obligados a recurrir a alternativas costosas (p. ej., servicios de prepago, enrutadores 5G); dificultan el acceso a los servicios esenciales, vulnerando así el derecho a un acceso no discriminatorio a internet con arreglo al artículo 22 RGPD y a la ley TKG (§ 78).
h2	32. Vulneración de los principios del servicio universal
body	Las sociedades de telecomunicaciones están obligadas a prestar servicios conforme a los principios del servicio universal, lo que significa que los servicios, como internet, deben ser accesibles a todos los ciudadanos a precios razonables y sin discriminación, y el uso de la DIA para rechazar masivamente a clientes vulnera manifiestamente dicha obligación. RGPD: solicito al Tribunal de Landshut que ordene a Schufa y a Telekom documentar la lógica de la DIA, los datos utilizados y el consentimiento que pretenden haber obtenido sin informarme. Conclusión: dichas prácticas no solo perjudican a los consumidores, sino que también obstaculizan la innovación y crean un entorno monopolístico con repercusiones negativas sobre el mercado y sobre la sociedad en su conjunto.
h2	33. Comunicación de información
body	Schufa Holding AG está obligada a comunicarme información sobre mis datos personales con arreglo al Reglamento General de Protección de Datos (RGPD, Reglamento UE 2016/679). Son concretamente pertinentes los siguientes artículos y principios: Artículo 12 — Transparencia de la información: el responsable (Schufa) está obligado a informar al interesado, de manera clara y comprensible, sobre cómo se tratan sus datos y a quién se comunican, antes incluso de su utilización. Artículo 15 — Derecho de acceso: tengo derecho a obtener la confirmación de que Schufa trata mis datos personales. Schufa debe facilitarnos la siguiente información: la finalidad del tratamiento (p. ej., evaluación de la solvencia o comunicación a Telekom y O2 Telefónica); los destinatarios o categorías de destinatarios (p. ej., Deutsche Telekom AG, O2 Telefónica); la lógica de la decisión automatizada (p. ej., en el caso de una DIA); la fuente de los datos si no se han recabado directamente de usted. Artículo 22 — Decisión individual automatizada: si Schufa recurre a una decisión automatizada cuyo resultado le afecta significativamente (p. ej., la denegación de un acceso a internet), tiene derecho a ser informado de la lógica del tratamiento y de la comunicación de los datos, y a no prestar consentimiento informado expreso antes de que los datos se utilicen para tal decisión. Artículo 6 — Bases jurídicas: Schufa debe fundamentar su tratamiento en el consentimiento (art. 6, apdo. 1, letra a — consentimiento informado expreso para comunicar los datos a Telekom) o en el interés legítimo (art. 6, apdo. 1, letra f — únicamente si su interés no prevalece sobre sus derechos y libertades).
h2	34. Obligaciones de Schufa
bullet	Informarle de manera transparente del tratamiento de los datos y de su comunicación a Telekom;
bullet	Facilitarle su puntuación de solvencia (información, es decir, el consentimiento informado (CI)) y explicar sobre la base de qué datos se ha calculado;
bullet	Obtener mi consentimiento expreso si pretende tratar y comunicar sus datos a un tercero, tal como Telekom, O2 Telefónica, etc. Si Schufa no cumple dichas obligaciones, puedo presentar una solicitud de acceso a los datos (Data Subject Access Request — DSAR), una reclamación ante la autoridad de protección de datos en Alemania (BfDI) y una denuncia penal por fraude. Así pues, si Schufa no me ha informado sobre cómo trata mis datos y a quién los comunica, ha infringido el RGPD (Reglamento UE 2016/679), concretamente el principio de transparencia del artículo 12 y el derecho de acceso del artículo 15.
body	Artículo 15 del Reglamento (UE) 2016/679 (RGPD) — Derecho de acceso del interesado. El interesado tendrá derecho a obtener del responsable la confirmación de si se están tratando o no datos personales que le conciernen y, en tal caso, el acceso a la siguiente información:
bullet	a) los fines del tratamiento;
bullet	b) las categorías de datos personales de que se trate;
bullet	c) los destinatarios o categorías de destinatarios a los que se comunicaron o serán comunicados los datos, en particular destinatarios en terceros países u organizaciones internacionales;
bullet	d) de ser posible, el plazo previsto de conservación de los datos o, de no ser posible, los criterios utilizados para determinarlo;
bullet	e) la existencia del derecho a solicitar la rectificación o supresión de los datos, la limitación de su tratamiento, o el derecho a oponerse a tal tratamiento;
bullet	f) el derecho a presentar una reclamación ante una autoridad de control;
bullet	g) cuando los datos no se hayan obtenido del interesado, cualquier información disponible sobre su origen;
bullet	h) la existencia de decisiones automatizadas, incluida la elaboración de perfiles, y, al menos en tales casos, información significativa sobre la lógica aplicada, así como la importancia y las consecuencias previstas de dicho tratamiento para el interesado.
h2	Infracciones
bullet	Principio de transparencia (art. 12 RGPD): obligación de informar claramente del tratamiento, incluido el uso a efectos de una DIA, y de indicar quién recibirá sus datos (p. ej., Deutsche Telekom AG);
bullet	Derecho de acceso (art. 15 RGPD): si Schufa no indicó que comunicaría sus datos a Telekom, o no divulgó la lógica de la DIA, hay una infracción del RGPD;
bullet	Artículo 6 RGPD: si Schufa utilizó sus datos sin su consentimiento informado o sin una base jurídica clara, se trata de un tratamiento ilícito. Consecuencias: Schufa infringe así la ley, y todo tratamiento o comunicación ulterior de sus datos a un tercero (Telekom) es nulo. Por dichos motivos solicito al Tribunal que les ordene cesar de inmediato el tratamiento de mis datos, facilitarme información completa sobre el tratamiento y los destinatarios, y facilitarme una explicación y una disculpa. Ilustrísimo Señor Juez, si Schufa no ha respetado el principio de transparencia y no ha cumplido sus obligaciones legales, toda justificación ulterior por parte de Schufa, de Telekom o de O2 Telefónica carece de relevancia y es ilícita. En razón de dichas bases jurídicas, las denunciaré directamente ante el BfDI (Comisario Federal de Protección de Datos).
h1	6. El «interés legítimo» invocado no es sino una ilusión
body	Schufa, Telekom u O2 Telefónica infringen el RGPD, de modo que su argumento basado en los «intereses legítimos» se convierte en un pretexto vacío y una ilusión carente de relevancia. ¿Por qué? El interés legítimo (art. 6, apdo. 1, letra f) RGPD) solo es válido si:
bullet	el tratamiento es transparente;
bullet	el interesado está informado de los motivos del tratamiento (principio de transparencia — art. 12 RGPD);
bullet	no existe ningún conflicto con sus derechos fundamentales (art. 6 y 22 RGPD). El principio de transparencia (art. 12 RGPD) es igualmente determinante: si Schufa o Telekom no me informaron del tratamiento de mis datos, no solicitaron el consentimiento (CI), o no permitieron formular oposición, infringieron el RGPD; su argumento basado en los «intereses legítimos» es entonces tan solo un pretexto vacío. El interés legítimo no puede vulnerar los derechos fundamentales: según los términos del artículo 6, apdo. 1, letra f) RGPD, el tratamiento solo es lícito si es necesario para la satisfacción de intereses legítimos perseguidos por el responsable o por un tercero, siempre que sobre dichos intereses no prevalezcan los intereses o los derechos y libertades fundamentales del interesado que requieran la protección de datos personales, en particular cuando el interesado sea un niño. Dicha disposición establece claramente que los derechos y libertades fundamentales prevalecen sobre el interés legítimo cuando el tratamiento los vulnerara.
body	Jurisprudencia: el Tribunal de Justicia de la Unión Europea (TJUE) ha subrayado en reiteradas ocasiones que la transparencia y la proporcionalidad son esenciales — el responsable debe demostrar que sus intereses son necesarios y que el tratamiento es proporcionado (p. ej., sentencia C-311/18, «Schrems II») — y que los derechos fundamentales consagrados por la Carta de los Derechos Fundamentales de la UE (artículos 7 y 8: vida privada y protección de datos) prevalecen sobre los intereses económicos de las empresas. Conclusión: si el tratamiento vulnera los derechos fundamentales o no cumple los requisitos de transparencia, proporcionalidad e información, el interés legítimo no puede considerarse una base legal; en tal caso se trata de un tratamiento ilícito.
h2	Analogía con la sentencia C-311/18 («Schrems II»)
bullet	Protección de los derechos fundamentales y de los datos personales: en Schrems II se trataba de la protección de los datos con arreglo al RGPD, en particular de garantías de que la transferencia o el tratamiento no vulneraría los derechos fundamentales del interesado; en mi caso, la similitud radica en que mis datos fueron tratados y compartidos por Schufa y Telekom sin mi consentimiento informado, vulnerando los principios del RGPD;
bullet	Incumplimiento de los principios de proporcionalidad y de transparencia: Schrems II subrayó que todo tratamiento debe ser proporcionado y transparente; al no informarme del tratamiento de mis datos o de la DIA, Schufa y Telekom vulneraron los mismos principios consagrados por la sentencia C-311/18;
bullet	Ausencia de base jurídica: en Schrems II el Tribunal consideró insuficiente el marco jurídico de los Estados Unidos (EU-US Privacy Shield); del mismo modo, a falta de demostración por parte de Schufa o de Telekom de una base suficiente, su actividad es ilícita;
bullet	Interés legítimo frente a derechos fundamentales: Schrems II subrayó que, incluso ante la existencia de un «interés legítimo», este no puede vulnerar los derechos y libertades fundamentales; en mi caso, el «interés legítimo» de Schufa y de Telekom (p. ej., la protección frente al impago) no puede justificar una vulneración de mis derechos fundamentales (vida privada, protección de datos, no discriminación);
bullet	Consecuencias desproporcionadas: Schrems II advirtió contra las consecuencias desproporcionadas del tratamiento (p. ej., discriminación o pérdida de derechos); en mi caso, la denegación de un acceso a internet a un precio razonable a causa de un uso desproporcionado de mis datos es un problema análogo;
bullet	Dicha sentencia refuerza mi argumento: la vulneración de los principios del RGPD hace ilícita la actividad de Schufa y de Telekom, y mis derechos fundamentales prevalecen sobre sus «supuestos intereses legítimos». Se hallan así en juego su derecho al respeto de la vida privada, el derecho a un tratamiento equitativo y transparente de los datos, y el derecho de acceso a la información (internet). ¿Qué significa esto? Sus intentos de justificar el tratamiento mediante «intereses legítimos» son nulos; no pueden eludir la obligación de obtener mi consentimiento informado, de tratar mis datos de manera transparente y de respetar mi derecho de oposición y de acceso. Conclusión: sus «intereses legítimos» son jurídicamente nulos, y tengo pleno derecho a exigir una indemnización o a emprender otras iniciativas, incluidas una acción judicial o una denuncia ante las autoridades de control tales como el BfDI o directamente ante el CEDH, la policía, y a reclamar una indemnización con arreglo al artículo 82 RGPD.
body	Si Schufa o Telekom han infringido el RGPD, su argumento basado en los «intereses legítimos» pierde efectivamente todo fundamento y se convierte en un mero pretexto vacío y una ilusión carente de relevancia. ¿Por qué es exacta esta calificación?
bullet	La infracción del RGPD anula los intereses legítimos: si las obligaciones fundamentales (información, consentimiento, respeto de los derechos de la persona) no se han cumplido, Schufa, O2 Telefónica o Telekom no pueden invocar intereses legítimos;
bullet	El interés legítimo está supeditado a un tratamiento lícito: debe ser transparente, proporcionado y no puede vulnerar los derechos fundamentales; si dichas condiciones no se cumplen, el «interés legítimo» pierde toda fuerza jurídica;
bullet	La ilusión del interés legítimo: si una entidad pretende actuar en un «interés legítimo» al tiempo que infringe el RGPD, dicho argumento no es sino un intento de justificar un comportamiento ilícito y se convierte en un espejismo. Conclusión: mi fórmula «ilusión carente de relevancia» expresa precisamente que sus argumentos basados en los «intereses legítimos» son, a falta de base jurídica, engañosos y nulos.
h1	7. Datos protegidos, principios aplicables y peticiones finales
body	Los datos personales protegidos lo están precisamente para que no se pueda manipularlos, comerciar con ellos o negociarlos a placer. La lógica del RGPD y de las demás disposiciones jurídicas radica
body	en la protección del individuo frente al uso abusivo de sus datos y en la garantía de la transparencia y de la equidad de su tratamiento. Mis datos personales protegidos han sido desviados en beneficio comercial de la agencia Schufa Holding AG, ávida de ganancia, y de Telekom, igualmente ávido de lucro, con el fin de denegarme un acceso a internet a precios asequibles y con la manifiesta intención de imponerme un internet costoso a 108 €/mes.
h2	La esencia de la protección de los datos personales
bullet	El consentimiento como principio fundamental: la ley exige que todo responsable (Schufa, Telekom, etc.) obtenga del interesado un consentimiento informado para el tratamiento, salvo que el tratamiento se base en otra base jurídica (obligaciones contractuales, intereses legítimos, obligaciones fiscales, seguridad, etc.); si el consentimiento falta o no se ha recabado correctamente, el tratamiento es ilícito;
bullet	Prohibición de la discriminación y de la manipulación: los datos no pueden servir a prácticas discriminatorias o desleales; una decisión automatizada (p. ej., mediante la DIA) sin información ni posibilidad de oposición vulnera el RGPD;
bullet	Principio de transparencia: el responsable está obligado a informar claramente de la finalidad y de las modalidades del tratamiento; a falta de ello, vulnera la ley;
bullet	Prohibición del comercio de los datos: la transferencia a terceros con fines de lucro financiero, sin el consentimiento de la persona, vulnera directamente el RGPD y el derecho al respeto de la vida privada. El Tribunal debe comprender claramente: a falta de consentimiento informado, hay una vulneración directa de la ley y de mis derechos fundamentales. Una decisión individual automatizada, como la denegación de un acceso a internet fundada en los datos de Schufa, es ilícita si Schufa no ha facilitado información sobre el tratamiento, si Telekom ha utilizado dichos datos sin su consentimiento, o si los intereses legítimos invocados vulneran el RGPD y causan discriminación o perjuicio. Conclusión: todo comercio de datos personales protegidos y toda manipulación de estos sin consentimiento son contrarios a la lógica de la ley así como a la justicia. Ello debería estar claro para el Tribunal desde el primer examen de las pruebas. Mis afirmaciones están fundadas y ponen de manifiesto un problema esencial: el uso abusivo de mis datos personales protegidos por parte de Schufa y de Telekom, con el fin de maximizar su lucro comercial, en perjuicio de mis derechos e intereses legítimos.
h2	Análisis del problema
bullet	Uso abusivo de los datos personales: mis datos protegidos han sido utilizados sin mi consentimiento informado y en contra de la lógica de su uso y de su existencia en la ley de protección de datos, vulnerando directamente el RGPD;
bullet	Si Schufa ha comunicado sus datos a Telekom sin una base jurídica adecuada (p. ej., su consentimiento), se trata de una transferencia de datos ilícita;
bullet	Lucro comercial: Schufa gana dinero comunicando datos, comerciando así directamente con datos personales protegidos, contrariamente a los principios de protección de la vida privada y de licitud del tratamiento, sin mi consentimiento informado (CI);
bullet	Telekom utiliza dichos datos para denegar servicios a un precio razonable y asequible, empujándole al mismo tiempo hacia una solución más costosa, lo que demuestra que su «interés legítimo» no es sino un interés en lucrarse en perjuicio de sus derechos;
bullet	Discriminación y perjuicio intencionado: la denegación de acceso a internet a precios asequibles en razón de su situación económica es discriminatoria e ilícita;
bullet	La presión hacia un internet costoso a 108 €/mes revela una manifiesta intención de explotar su situación con fines de lucro personal;
bullet	Consecuencias: tales prácticas son contrarias a los principios de competencia leal, de protección de los consumidores y a los derechos fundamentales de acceso a internet a precios razonables y asequibles, sin restricciones ni discriminación.
h2	En consecuencia, solicito
bullet	El cese inmediato de tales prácticas por parte de Schufa y de las sociedades de telecomunicaciones;
bullet	Una reparación de los perjuicios y daños sufridos, y que se dicte sin dilación una decisión que reconozca definitivamente mi pretensión de indemnización por importe de 1 000 000 €;
bullet	La garantía de un acceso a internet asequible, conforme a mis derechos, a precios accesibles;
bullet	La exigencia de la responsabilidad penal de las entidades responsables por el uso abusivo de datos personales y la discriminación. Todas estas pruebas y mi declaración revelan un problema fundamental de uso abusivo sistémico de los datos personales y ponen claramente de manifiesto prácticas contrarias a la ética y a la ley, que deben tratarse por la vía judicial y penal. Telekom utiliza sus datos con el fin de denegar la prestación de servicios a un precio razonable y le empuja hacia una solución mucho más costosa, lo que indica claramente que su pretendido «interés legítimo» no es otra cosa que una voluntad de maximizar su lucro en perjuicio de sus derechos fundamentales.
h2	Pruebas directas
bullet	Infracciones de la ley — el RGPD, que dispone que el tratamiento de los datos debe respetar los principios de transparencia, información y licitud;
bullet	Discriminación — la desventaja impuesta al consumidor en razón de su solvencia, manifiesta vulneración de los principios de no discriminación;
bullet	Intención de causar perjuicio — iniciativas claramente formuladas para obligar a los clientes a aceptar soluciones desventajosas. Es el ejemplo perfecto del modo en que la búsqueda de un «interés legítimo» se desvía como pretexto para justificar prácticas contrarias a la ética y a la ley. A ello no puede haber otra respuesta que una responsabilidad penal inequívoca ante la ley.
body	Tengo derecho a solicitar al Tribunal que ordene a Schufa, por la vía judicial, que aporte la prueba de si le he prestado o no un consentimiento informado para el tratamiento y la comunicación de mis datos personales a un tercero, a saber, una sociedad de telecomunicaciones como Telekom o O2 Telefónica. Si Schufa no aporta tal consentimiento o no puede acreditar su existencia, su tratamiento y su puesta en común de mis datos son ilícitos, vulnerando el RGPD (concretamente los artículos 6 y 7 RGPD, que regulan la licitud del tratamiento y las condiciones del consentimiento). Dicha información es determinante para mi pretensión de indemnización, ya que confirma que mis datos fueron utilizados sin mi conocimiento y sin mi consentimiento, lo que conlleva la vulneración de mis derechos. Solicito al Tribunal que lo incluya en mi acción. Si Schufa no puede probar el consentimiento, su argumento basado en el interés legítimo se convierte en una mera ilusión vacía y carente de relevancia.
body	Por los motivos, las pruebas y los hechos anteriormente expuestos, es incontestable que el Derecho y la justicia están de mi lado. Las sociedades demandadas creen erróneamente que sus actos quedarán amparados por el gobierno y que podrán así eludir las sanciones y multas que, como es sabido, por lo general no se abonan. No obstante, si no abonan, a más tardar el 31.12.2024, el importe de la indemnización que reclamo, dicha suma se elevará, a partir del 1.1.2025, a 30 000 000 €. Dicho incremento reflejará no solo su negativa a poner fin a este vasto fraude colusorio, sino también sus persistentes esfuerzos por maximizar sus beneficios en perjuicio de los ciudadanos alemanes y de la UE. Tal comportamiento demuestra inequívocamente su perversidad, y mi reacción será en consecuencia proporcionada, sin concesiones, firme y sincronizada. La idea de que puedan sistemáticamente despojar a los ciudadanos alemanes y de la UE, perjudicar impunemente a los consumidores, vulnerar sus derechos y, al mismo tiempo, sustraerse a su responsabilidad jurídica, es ilusoria y, para mí, absolutamente inaceptable.
body	Numerosa información figura, en el presente documento, en varias ocasiones, pero siempre voluntariamente en un contexto diferente, con fines ilustrativos y de mejor comprensión; le ruego, por tanto, que lo tenga en cuenta.
